,Unnamed: 0,Unnamed: 0.1,Unnamed: 0.1.1,Unnamed: 0.1.1.1,Unnamed: 0.1.1.1.1,Unnamed: 0.1.1.1.1.1,Unnamed: 0.1.1.1.1.1.1,Unnamed: 0.1.1.1.1.1.1.1,Unnamed: 0.1.1.1.1.1.1.1.1,Unnamed: 0.1.1.1.1.1.1.1.1.1,market,coin,strategy,total_pnl,trade_count,trade_len,stop_count,profit_trade,loss_trade,profit,loss,max_profit,min_profit,max_loss,min_loss,max_trade_len,min_trade_len,trade_index
0,0,0,0,0,0,0,0,0,0,0,lowhigh,BTCUSDT,BBV558P1,14.086510035656456,11,229,3,7,4,30.721069291537,-16.634559255880546,17.574708699738128,1.3746211879441366,-5.474290081989275,-0.8573030165013322,92,3,2.2410356874908
1,1,1,1,1,1,1,1,1,1,1,lowhigh,BTCUSDT,SI7V4SCD,14.086510035656456,11,229,3,7,4,30.721069291537,-16.634559255880546,17.574708699738128,1.3746211879441366,-5.474290081989275,-0.8573030165013322,92,3,2.2410356874908
2,2,2,2,2,2,2,2,2,2,2,lowhigh,BTCUSDT,MT8FCVC1,14.086510035656456,11,229,3,7,4,30.721069291537,-16.634559255880546,17.574708699738128,1.3746211879441366,-5.474290081989275,-0.8573030165013322,92,3,2.2410356874908
3,3,3,3,3,3,3,3,3,3,3,lowhigh,BTCUSDT,CTFQVFYL,14.086510035656456,11,229,3,7,4,30.721069291537,-16.634559255880546,17.574708699738128,1.3746211879441366,-5.474290081989275,-0.8573030165013322,92,3,2.2410356874908
4,4,4,4,4,4,4,4,4,4,4,lowhigh,BTCUSDT,AHTXQMLR,14.239076525724132,11,228,3,7,4,30.721069291537,-16.481992765812866,17.574708699738128,1.3746211879441366,-5.474290081989275,-0.8573030165013322,92,2,2.265307629092476
5,5,5,5,5,5,5,5,5,5,5,lowhigh,BTCUSDT,IWJTV3CI,14.239076525724132,11,228,3,7,4,30.721069291537,-16.481992765812866,17.574708699738128,1.3746211879441366,-5.474290081989275,-0.8573030165013322,92,2,2.265307629092476
6,6,6,6,6,6,6,6,6,6,6,lowhigh,BTCUSDT,CV5VGB5K,14.239076525724132,11,228,3,7,4,30.721069291537,-16.481992765812866,17.574708699738128,1.3746211879441366,-5.474290081989275,-0.8573030165013322,92,2,2.265307629092476
7,7,7,7,7,7,7,7,7,7,7,lowhigh,BTCUSDT,PW7AUHZZ,14.239076525724132,11,228,3,7,4,30.721069291537,-16.481992765812866,17.574708699738128,1.3746211879441366,-5.474290081989275,-0.8573030165013322,92,2,2.265307629092476
8,8,8,8,8,8,8,8,8,8,8,lowhigh,BTCUSDT,K5BH6S49,26.553823364448807,17,228,3,10,7,48.10304698885504,-21.54922362440623,17.574708699738128,0.9164141252960912,-5.8939958895511975,-0.4286515082506661,92,2,2.231413728104941
9,9,9,9,9,9,9,9,9,9,9,lowhigh,BTCUSDT,9OJOFYBJ,15.267255631155535,11,228,3,7,4,30.87971406890064,-15.6124584377451,17.574708699738128,0.9164141252960912,-5.8939958895511975,-0.4286515082506661,92,2,2.428881577683835
10,10,10,10,10,10,10,10,10,10,10,lowhigh,BTCUSDT,Y3WT4THG,15.267255631155535,11,228,3,7,4,30.87971406890064,-15.6124584377451,17.574708699738128,0.9164141252960912,-5.8939958895511975,-0.4286515082506661,92,2,2.428881577683835
11,11,11,11,11,11,11,11,11,11,11,lowhigh,BTCUSDT,Y6D8HWAT,15.267255631155535,11,228,3,7,4,30.87971406890064,-15.6124584377451,17.574708699738128,0.9164141252960912,-5.8939958895511975,-0.4286515082506661,92,2,2.428881577683835
12,12,12,12,12,12,12,12,12,12,12,lowhigh,BTCUSDT,2T44ST2R,12.38234772420553,12,229,3,7,5,30.87971406890064,-18.497366344695106,17.574708699738128,0.9164141252960912,-5.8939958895511975,-0.4286515082506661,92,3,1.444607234490645
13,13,13,13,13,13,13,13,13,13,13,lowhigh,BTCUSDT,HNAQGR8V,15.63297758570552,12,229,3,7,5,30.87971406890064,-15.246736483195114,17.574708699738128,0.9164141252960912,-5.8939958895511975,-0.4286515082506661,92,3,1.8238473849989767
14,14,14,14,14,14,14,14,14,14,14,lowhigh,BTCUSDT,7N3QPPX5,17.697048831600405,15,229,3,10,5,34.794406292715024,-17.097357461114612,17.574708699738128,0.9164141252960912,-5.8939958895511975,-0.4286515082506661,92,3,2.359606510880054
15,15,15,15,15,15,15,15,15,15,15,lowhigh,BTCUSDT,PN4Q8J7N,19.14614302218569,13,229,3,8,5,37.47177271785407,-18.32562969566837,17.574708699738128,0.9164141252960912,-5.8939958895511975,-0.4286515082506661,92,3,2.356448371961316
16,16,16,16,16,16,16,16,16,16,16,lowhigh,BTCUSDT,7KLCHX7C,26.602498159149288,18,229,3,10,8,52.99865370910086,-26.39615554995156,19.092258597619725,0.9164141252960912,-5.8939958895511975,-0.4286515082506661,92,3,1.8473957054964785
17,17,17,17,17,17,17,17,17,17,17,lowhigh,BTCUSDT,ITLVDUV6,14.850812251336682,12,229,3,7,5,30.87971406890064,-16.028901817563952,17.574708699738128,0.9164141252960912,-5.8939958895511975,-0.4286515082506661,92,3,1.732594762655946
18,18,18,18,18,18,18,18,18,18,18,lowhigh,BTCUSDT,14CUNPF8,15.439980933958628,13,229,3,8,5,36.04294139532635,-20.60296046136772,17.574708699738128,0.9164141252960912,-5.8939958895511975,-0.4286515082506661,92,3,1.9003053457179848
19,19,19,19,19,19,19,19,19,19,19,lowhigh,BTCUSDT,24MDIAGZ,12.801884619807137,12,229,3,7,5,30.87971406890064,-18.0778294490935,17.574708699738128,0.9164141252960912,-5.8939958895511975,-0.4286515082506661,92,3,1.4935532056441658
20,20,20,20,20,20,20,20,20,20,34,lowlow,BTCUSDT,E2FB3NCD,0.1979254561589911,11,348,7,3,8,39.29143324373365,-39.093507787574666,24.278055075697303,2.604400229388854,-5.773656769285863,-2.8503292471376764,180,1,0.0067474587326928
21,21,21,21,21,21,21,21,21,21,35,lowlow,BTCUSDT,Z59OSSJJ,0.5637170720422446,11,355,7,3,8,40.16747543912121,-39.60375836707897,24.551483911891964,3.207013588581752,-5.773656769285863,-3.1900913657814938,181,2,0.0192176274559856
22,22,22,22,22,22,22,22,22,22,36,lowlow,BTCUSDT,K5BH6S49,51.55840787610968,35,213,1,15,20,92.20817571087026,-40.6497678347606,25.888071147848645,0.0928096361697354,-6.245590804622993,-0.0167970850596977,66,1,1.104823025916636
23,23,23,23,23,23,23,23,23,23,37,lowlow,BTCUSDT,9OJOFYBJ,0.0679787934569162,17,213,1,6,11,21.665293335392803,-21.597314541935887,11.98606653808011,0.0928096361697354,-6.245590804622993,-0.0167970850596977,66,1,0.0021811377579759
24,24,24,24,24,24,24,24,24,24,38,lowlow,BTCUSDT,Y6D8HWAT,0.2201893293574972,17,213,1,6,11,21.665293335392803,-21.445104006035308,11.98606653808011,0.0928096361697354,-6.245590804622993,-0.0167970850596977,66,1,0.0070648982681549
25,25,25,25,25,25,25,25,25,25,39,lowlow,BTCUSDT,Y3WT4THG,0.7020042464838263,28,213,1,10,18,43.52534762978411,-42.82334338330028,14.999999999999988,0.0928096361697354,-6.245590804622993,-0.0167970850596977,66,1,0.0139286556842029
26,26,26,26,26,26,26,26,26,26,40,highhigh,BTCUSDT,XY7OCU00,40.3792362825979,11,1771,6,4,7,87.57474490512305,-47.19550862252516,39.679171455019045,1.6764018335427302,-10.80215423983462,-4.796975341056797,558,2,2.09762266403106
27,27,27,27,27,27,27,27,27,27,41,highhigh,BTCUSDT,BIC4ERP5,40.3792362825979,11,1771,6,4,7,87.57474490512305,-47.19550862252516,39.679171455019045,1.6764018335427302,-10.80215423983462,-4.796975341056797,558,2,2.09762266403106
28,28,28,28,28,28,28,28,28,28,42,highhigh,BTCUSDT,US9WPRM4,24.19416864626385,20,1253,2,13,7,72.75571615613335,-48.5615475098695,21.33095584650774,0.4839006785108052,-12.597598028811944,-0.8595826108710557,174,1,2.246601374295929
29,29,29,29,29,29,29,29,29,29,43,highhigh,BTCUSDT,MBUKC1K1,35.4383741346394,22,1300,4,13,9,89.77556796704555,-54.337193832406136,21.783821593812497,0.4839006785108052,-11.41628029791898,-0.8595826108710557,174,1,2.32676193813289
30,30,30,30,30,30,30,30,30,30,44,highhigh,BTCUSDT,96Y34XXH,35.511192931292804,13,1329,6,6,7,69.06830014359386,-33.55710721230105,41.25282150506966,0.6976413063106843,-12.597598028811944,-0.5887574003867061,548,1,2.341397336129196
31,31,31,31,31,31,31,31,31,31,45,highhigh,BTCUSDT,QQABHFD9,20.84062197096844,12,1091,0,7,5,38.46238508038027,-17.62176310941183,16.0817216176111,0.6976413063106843,-5.346838171903038,-0.5887574003867061,177,17,2.431405896612985
32,32,32,32,32,32,32,32,32,32,46,highhigh,BTCUSDT,8X8SF0G0,20.84062197096844,12,1091,0,7,5,38.46238508038027,-17.62176310941183,16.0817216176111,0.6976413063106843,-5.346838171903038,-0.5887574003867061,177,17,2.431405896612985
33,33,33,33,33,33,33,33,33,33,47,highhigh,BTCUSDT,2YYG1VNH,20.84062197096844,12,1091,0,7,5,38.46238508038027,-17.62176310941183,16.0817216176111,0.6976413063106843,-5.346838171903038,-0.5887574003867061,177,17,2.431405896612985
34,34,34,34,34,34,34,34,34,34,48,highhigh,BTCUSDT,YRRQ1RV8,40.56065856871066,13,1769,7,6,7,88.74654361510946,-48.1858850463988,39.62556140284184,0.6958681990904396,-13.078338578124768,-4.956907735390641,559,1,2.6743291363985056
35,35,35,35,35,35,35,35,35,35,49,highhigh,BTCUSDT,0UHKCHYK,114.03253376580724,15,1446,9,4,11,170.9007825770464,-56.86824881123915,100.70274299285984,0.9795907778374924,-6.228647243722019,-0.6625214746308841,551,1,2.764425060989266
36,36,36,36,36,36,36,36,36,36,50,highhigh,BTCUSDT,F3PHXLDJ,42.29366841236557,13,1760,7,6,7,88.74654361510946,-46.45287520274389,39.62556140284184,0.6958681990904396,-12.597598028811944,-3.872133428815764,559,1,2.788593521694433
37,37,37,37,37,37,37,37,37,37,51,highhigh,BTCUSDT,LJHVVJUG,99.80130868440268,16,1481,11,5,11,163.14335328521537,-63.34204460081267,99.0639035071046,0.5964596287813452,-6.380601808523702,-5.106307586205154,559,2,2.83526445126144
38,38,38,38,38,38,38,38,38,38,52,highhigh,BTCUSDT,DM3IDVS6,100.5665706250864,16,1480,10,5,11,163.14335328521537,-62.57678266012893,99.0639035071046,0.5964596287813452,-6.257056060218785,-5.106307586205154,559,2,2.857004847303591
39,39,39,39,39,39,39,39,39,39,53,highhigh,BTCUSDT,PETWVAHH,131.9225059470728,21,1762,5,11,10,192.9664840389461,-61.04397809187332,39.679171455019045,0.7952795050417936,-10.80215423983462,-4.796975341056797,558,2,6.910226501989527
40,40,40,40,40,40,40,40,40,40,54,highhigh,BTCUSDT,OT3D6S6G,67.11086766543306,12,1687,5,4,8,107.5262819866453,-40.415414321212246,46.98646173255857,1.9529845826046497,-13.078338578124768,-0.9397241372717532,548,1,2.7962861527263776
41,41,41,41,41,41,41,41,41,41,55,highhigh,BTCUSDT,NDZQDON6,109.50811410211224,16,1573,8,5,11,169.92628709908317,-60.41817299697094,102.4035863976542,0.97091609330314,-8.519197849152418,-2.675651521640647,546,2,3.111025968810006
42,42,42,42,42,42,42,42,42,42,56,highhigh,BTCUSDT,JBZ7BAVV,68.50867976723326,12,1678,4,4,8,107.5262819866453,-39.01760221941205,46.98646173255857,1.9529845826046497,-12.597598028811944,-0.9397241372717532,548,1,2.854528323634719
43,43,43,43,43,43,43,43,43,43,57,highhigh,BTCUSDT,INDCZS88,113.25553601002564,29,1764,5,13,16,189.8729715016809,-76.6174354916553,39.679171455019045,0.7952795050417936,-10.80215423983462,-0.6184384980101217,558,2,3.173107689936063
44,44,44,44,44,44,44,44,44,44,58,highhigh,BTCUSDT,EV2FTD0R,50.47183091418731,12,1662,5,5,7,93.73203965849063,-43.26020874430333,40.96143455906168,1.4546340616964362,-14.359668215101417,-2.918976665917665,546,1,3.004275649654006
45,45,45,45,45,45,45,45,45,45,59,highhigh,BTCUSDT,1MKPQZNP,58.73896468695351,14,1652,4,6,8,96.37645863205262,-37.63749394509912,40.96143455906168,1.4546340616964362,-12.597598028811944,-0.6184384980101217,546,1,3.146730251086796
46,46,46,46,46,46,46,46,46,46,60,highlow,BTCUSDT,1OYJYLEN,5.7345975954420565,129,2438,26,54,75,278.28470276304074,-272.55010516759864,22.071726196578734,0.0356195787570871,-9.04565121601662,-0.2706977776061678,53,2,0.0320070563466533
47,47,47,47,47,47,47,47,47,47,61,highlow,BTCUSDT,YIX2TP6H,15.1351068231004,177,2817,42,72,105,411.6647229546545,-396.529616131554,22.358928374876346,0.0277936669888428,-11.054914673762733,-0.0311918004407631,52,1,0.0586347964091056
48,48,48,48,48,48,48,48,48,48,62,highlow,BTCUSDT,5Q2ASHHW,11.559010100333603,36,2548,28,6,30,179.21978306677866,-167.6607729664451,94.52273432994718,3.949881677639964,-6.617679717033713,-2.3949753695407923,546,1,0.0642167227796311
49,49,49,49,49,49,49,49,49,49,63,highlow,BTCUSDT,RVO932K1,12.28815953162818,39,3414,30,7,32,184.06830560044924,-171.7801460688211,97.8810465227658,4.788498741429333,-6.327080592780549,-0.4053768196050157,808,1,0.0689239717318888
50,50,50,50,50,50,50,50,50,50,64,highlow,BTCUSDT,NDB3CKUS,13.417334692022571,37,3309,29,8,29,175.5202774869741,-162.10294279495153,101.96426769394928,0.0653683489465028,-6.502866140730794,-5.027547759821413,812,2,0.1000360461660583
51,51,51,51,51,51,51,51,51,51,65,highlow,BTCUSDT,JO33U5YI,13.417334692022571,37,3309,29,8,29,175.5202774869741,-162.10294279495153,101.96426769394928,0.0653683489465028,-6.502866140730794,-5.027547759821413,812,2,0.1000360461660583
52,52,52,52,52,52,52,52,52,52,66,highlow,BTCUSDT,IYZK46ES,13.538187685710035,37,3290,29,8,29,175.5202774869741,-161.98208980126407,101.96426769394928,0.0653683489465028,-6.502866140730794,-5.027547759821413,812,2,0.1009370936492826
53,53,53,53,53,53,53,53,53,53,67,highlow,BTCUSDT,5Y64FWI2,19.22062028316772,36,2549,28,6,30,186.8813932496128,-167.6607729664451,94.52273432994718,6.987180502860587,-6.617679717033713,-2.3949753695407923,546,1,0.1067812237953762
54,54,54,54,54,54,54,54,54,54,68,highlow,BTCUSDT,9QIWWSRT,19.52715998155968,36,2524,28,6,30,186.8813932496128,-167.35423326805318,94.52273432994718,6.987180502860587,-6.617679717033713,-2.3949753695407923,546,1,0.1084842221197759
55,55,55,55,55,55,55,55,55,55,69,highlow,BTCUSDT,9IZRTR6U,11.864205965935811,34,3372,18,9,25,159.3091292313721,-147.44492326543627,75.61818746395775,0.7150408457472339,-10.152653540050746,-1.2073117243669302,546,1,0.1256210043452027
56,56,56,56,56,56,56,56,56,56,70,highlow,BTCUSDT,4Q45XJ2U,16.803424123592276,34,3362,18,9,25,157.4135727833674,-140.6101486597751,75.61818746395775,0.7150408457472339,-10.152653540050746,-0.4252835085771086,546,1,0.1779186083674476
57,57,57,57,57,57,57,57,57,57,71,highlow,BTCUSDT,EA8VH5UV,23.17493046230914,36,3061,27,8,28,174.94443739275272,-151.76950693044358,101.96426769394928,0.0653683489465028,-6.502866140730794,-1.380385638190808,812,2,0.183928019542136
58,58,58,58,58,58,58,58,58,58,72,highlow,BTCUSDT,5HAHLHE1,53.80058812419425,180,2747,47,71,109,403.1143934791519,-349.31380535495737,25.187376249339344,0.0333524003866113,-11.054914673762733,-0.0311918004407631,52,1,0.1946912210406622
59,59,59,59,59,59,59,59,59,59,73,highlow,BTCUSDT,6NF1PYF6,18.698980571596987,34,3363,18,9,25,159.3091292313721,-140.6101486597751,75.61818746395775,0.7150408457472339,-10.152653540050746,-0.4252835085771086,546,1,0.1979892060522033
60,60,60,60,60,60,60,60,60,60,74,highlow,BTCUSDT,08MUYQP8,36.92751146950996,35,2374,25,7,28,188.75167088302487,-151.82415941351485,94.52273432994718,3.949881677639964,-6.617679717033713,-2.3949753695407923,546,1,0.2637679390679283
61,61,61,61,61,61,61,61,61,61,75,highlow,BTCUSDT,0FFOXA6Y,40.66066419832338,32,3303,15,9,23,171.92950923434387,-131.26884503602048,75.61818746395775,0.7150408457472339,-10.920963903318958,-0.109719123306435,546,1,0.4972092089468892
62,62,62,62,62,62,62,62,62,62,76,highlow,BTCUSDT,K9RO16QT,50.65442017262157,34,2655,20,8,26,191.2239627274265,-140.5695425548049,96.36041531099885,2.0740359811575395,-6.378132410083033,-5.046458860830018,806,1,0.458411042286168
63,63,63,63,63,63,63,63,63,63,77,highlow,BTCUSDT,VWSERK9D,45.78532790976824,37,2898,20,10,27,191.3869716643771,-145.60164375460892,96.36041531099885,2.0740359811575395,-6.378132410083033,-5.046458860830018,806,1,0.4583115906883708
64,64,64,64,64,64,64,64,64,64,78,highlow,BTCUSDT,TK5E70DZ,57.43207628553379,39,2898,20,10,29,202.04332536091363,-144.61124907537987,96.36041531099885,2.0740359811575395,-6.378132410083033,-5.046458860830018,806,1,0.5077990829843837
65,65,65,65,65,65,65,65,65,65,79,highlow,BTCUSDT,1AZB2HI7,51.219428278296974,35,2860,20,9,26,189.8915644204833,-138.67213614218633,96.36041531099885,2.0740359811575395,-6.378132410083033,-5.046458860830018,806,1,0.506565774180959
66,66,66,66,66,66,66,66,66,66,80,lowhigh,ETHUSDT,EB0WQUEM,60.21217572357273,13,469,1,6,7,87.73388728952898,-27.52171156595628,26.365787049624025,2.819887628538117,-6.731528326013228,-2.5983328991924663,86,2,3.970033564191609
67,67,67,67,67,67,67,67,67,67,81,lowhigh,ETHUSDT,QSWLPEEL,62.00168242666609,13,464,2,6,7,89.50780156211812,-27.50611913545204,26.365787049624025,4.593801901127248,-6.731528326013228,-1.380697663786395,86,2,4.088023017142819
68,68,68,68,68,68,68,68,68,68,82,lowhigh,ETHUSDT,XGCNUK6U,62.00168242666609,13,464,2,6,7,89.50780156211812,-27.50611913545204,26.365787049624025,4.593801901127248,-6.731528326013228,-1.380697663786395,86,2,4.088023017142819
69,69,69,69,69,69,69,69,69,69,83,lowhigh,ETHUSDT,B8Y3LCAY,26.14187717002444,11,459,1,7,4,41.78821895020463,-15.646341780180189,13.133047210300418,0.0886240532677193,-6.215154781796741,-2.571568973849747,86,4,4.15893500432207
70,70,70,70,70,70,70,70,70,70,84,lowhigh,ETHUSDT,44CAAI7Z,49.98303275857829,12,412,5,6,6,83.05277815771883,-33.06974539914054,23.2197042180367,2.480580894132151,-6.731528326013228,-4.939000717824612,83,3,4.165252729881524
71,71,71,71,71,71,71,71,71,71,85,lowhigh,ETHUSDT,KO3CGEWG,38.83554763085901,11,408,0,6,5,57.20069851684633,-18.36515088598732,34.567288121794405,2.25347433696915,-9.375687960528824,-0.4430075653314421,86,9,4.236605196093709
72,72,72,72,72,72,72,72,72,72,86,lowhigh,ETHUSDT,KIS75UD0,38.83554763085901,11,408,0,6,5,57.20069851684633,-18.36515088598732,34.567288121794405,2.25347433696915,-9.375687960528824,-0.4430075653314421,86,9,4.236605196093709
73,73,73,73,73,73,73,73,73,73,87,lowhigh,ETHUSDT,0FUF1W0J,51.53056271329672,12,446,2,6,6,80.66806727356969,-29.13750456027297,23.24259009169095,2.515989964309654,-6.846708859540078,-2.758074022885747,83,3,4.294213559441393
74,74,74,74,74,74,74,74,74,74,88,lowhigh,ETHUSDT,1FZI0V85,51.53056271329672,12,446,2,6,6,80.66806727356969,-29.13750456027297,23.24259009169095,2.515989964309654,-6.846708859540078,-2.758074022885747,83,3,4.294213559441393
75,75,75,75,75,75,75,75,75,75,89,lowhigh,ETHUSDT,POSQY4KD,62.45858818005792,18,387,3,10,8,87.52845867188176,-25.06987049182385,37.37604819669467,0.3046293839607626,-6.215154781796741,-1.295520289815893,55,1,4.337401956948466
76,76,76,76,76,76,76,76,76,76,90,lowhigh,ETHUSDT,COJUIAFP,60.825606906473496,14,486,6,7,7,97.98028650656234,-37.154679600088826,23.2197042180367,4.740146803053928,-6.731528326013228,-4.084934200948284,84,3,4.34468620760525
77,77,77,77,77,77,77,77,77,77,91,lowhigh,ETHUSDT,YN7LG7KW,50.03755184246605,13,422,4,7,6,79.58790460841274,-29.550352765946684,23.2197042180367,1.5091033005549055,-6.731528326013228,-1.720006296972166,83,1,4.490549524323876
78,78,78,78,78,78,78,78,78,78,92,lowhigh,ETHUSDT,EHX4FVJG,61.86339818976358,15,416,3,8,7,93.27854680072974,-31.41514861096616,24.11542673314583,1.5091033005549055,-6.731528326013228,-1.6179720251179095,83,1,4.713401766839129
79,79,79,79,79,79,79,79,79,79,93,lowhigh,ETHUSDT,XSSML5O4,57.68863305465129,13,407,4,6,7,88.77015137530368,-31.0815183206524,25.03479729323187,3.300919494608725,-5.9223143491275865,-2.655805208464543,84,2,3.803646135471513
80,80,80,80,80,80,80,80,80,80,94,lowhigh,ETHUSDT,JFCNUC2A,66.2928922501296,14,407,4,7,7,97.36676661654462,-31.07387436641504,25.03479729323187,3.300919494608725,-5.9223143491275865,-2.655805208464543,84,2,4.735206589294971
81,81,81,81,81,81,81,81,81,81,95,lowhigh,ETHUSDT,9E4I287Z,71.47475727144158,12,397,2,5,7,94.05106545911404,-22.576308187672463,27.16149318002855,10.215829725111629,-5.183375464499665,-1.9194209577157133,84,4,4.254449837585808
82,82,82,82,82,82,82,82,82,82,96,lowhigh,ETHUSDT,K9W1X6PK,49.20604900087704,12,447,3,6,6,77.43133961880821,-28.22529061793117,22.957272901232887,3.151843881732106,-6.731528326013228,-2.6113689990293927,84,3,4.10050408340642
83,83,83,83,83,83,83,83,83,83,97,lowhigh,ETHUSDT,BJUI9JWA,60.690531512690455,15,407,4,8,7,93.08043681804322,-32.389905305352755,23.2197042180367,1.5091033005549055,-6.731528326013228,-4.939000717824612,83,1,4.624040496204986
84,84,84,84,84,84,84,84,84,84,98,lowhigh,ETHUSDT,GFX17R88,79.02237819674353,20,400,3,11,9,114.5842329019341,-35.56185470519057,24.11542673314583,1.5091033005549055,-6.731528326013228,-3.452038730587907,83,1,4.829145334245438
85,85,85,85,85,85,85,85,85,85,99,lowhigh,ETHUSDT,EJASW3EP,44.95962924156688,14,458,2,8,6,72.76147055066363,-27.80184130909676,21.88841201716736,0.2215601331692984,-6.731528326013228,-3.214461217312184,86,3,4.281869451577799
86,86,86,86,86,86,86,86,86,86,100,lowlow,ETHUSDT,ITLVDUV6,84.53771471260613,29,468,6,14,15,142.39630573361762,-57.85859102101151,31.90512624330529,0.1146853146853375,-5.869119196536126,-0.2004163902170811,55,1,2.720754036727554
87,87,87,87,87,87,87,87,87,87,101,lowlow,ETHUSDT,7KLCHX7C,84.53771471260613,29,468,6,14,15,142.39630573361762,-57.85859102101151,31.90512624330529,0.1146853146853375,-5.869119196536126,-0.2004163902170811,55,1,2.720754036727554
88,88,88,88,88,88,88,88,88,88,102,lowlow,ETHUSDT,24MDIAGZ,84.53771471260613,29,468,6,14,15,142.39630573361762,-57.85859102101151,31.90512624330529,0.1146853146853375,-5.869119196536126,-0.2004163902170811,55,1,2.720754036727554
89,89,89,89,89,89,89,89,89,89,103,lowlow,ETHUSDT,HNAQGR8V,84.53771471260613,29,468,6,14,15,142.39630573361762,-57.85859102101151,31.90512624330529,0.1146853146853375,-5.869119196536126,-0.2004163902170811,55,1,2.720754036727554
90,90,90,90,90,90,90,90,90,90,104,lowlow,ETHUSDT,IHIXET34,96.05798695460362,37,671,7,19,18,170.77717785526067,-74.71919090065708,30.50950555657469,0.293400360676822,-8.217179902755218,-0.7105695410241543,71,1,2.7403930212274306
91,91,91,91,91,91,91,91,91,91,105,lowlow,ETHUSDT,0XBJ6TQ5,111.13926552283155,41,671,7,22,19,192.39826251637638,-81.25899699354483,30.50950555657469,0.293400360676822,-8.217179902755218,-0.7105695410241543,71,1,3.1387212342776563
92,92,92,92,92,92,92,92,92,92,106,lowlow,ETHUSDT,8EHPVMP0,95.60644493886448,37,671,7,19,18,170.77717785526067,-75.17073291639622,30.50950555657469,0.293400360676822,-8.217179902755218,-0.7105695410241543,71,1,2.727511191949588
93,93,93,93,93,93,93,93,93,93,107,lowlow,ETHUSDT,TP9LHHLU,101.09882286080922,39,671,7,20,19,178.8316640856427,-77.7328412248335,30.50950555657469,0.293400360676822,-8.217179902755218,-0.7105695410241543,71,1,2.728713167633177
94,94,94,94,94,94,94,94,94,94,108,lowlow,ETHUSDT,3EZJE1XC,84.31107932091543,33,474,7,17,16,160.1888457557044,-75.87776643478897,30.50950555657469,0.1433566433566719,-8.658368665730558,-0.6012491706512434,55,1,2.7145612660143223
95,95,95,95,95,95,95,95,95,95,109,lowlow,ETHUSDT,MT8FCVC1,79.25853168232562,31,474,7,16,15,151.24032146743042,-71.9817897851048,30.50950555657469,0.1433566433566719,-8.658368665730558,-0.6012491706512434,55,1,2.7271752836929246
96,96,96,96,96,96,96,96,96,96,110,lowlow,ETHUSDT,1RQ795M6,78.48740966674382,31,474,7,16,15,151.24032146743042,-72.7529118006866,30.50950555657469,0.1433566433566719,-8.658368665730558,-0.6012491706512434,55,1,2.7006420530492496
97,97,97,97,97,97,97,97,97,97,111,lowlow,ETHUSDT,BBV558P1,71.75690730093154,31,474,7,16,15,151.24032146743042,-79.48341416649887,30.50950555657469,0.1433566433566719,-8.658368665730558,-0.6012491706512434,55,1,2.469054874870763
98,98,98,98,98,98,98,98,98,98,112,lowlow,ETHUSDT,CTFQVFYL,75.28024338788698,29,444,6,15,14,142.3198355480489,-67.03959216016194,30.50950555657469,0.1433566433566719,-8.658368665730558,-0.6012491706512434,55,1,2.781289780340652
99,99,99,99,99,99,99,99,99,99,113,lowlow,ETHUSDT,SI7V4SCD,70.80497667158944,31,444,6,16,15,143.3302704127734,-72.52529374118396,30.50950555657469,0.1433566433566719,-8.658368665730558,-0.6012491706512434,55,1,2.4363002725708194
100,100,100,100,100,100,100,100,100,100,114,lowlow,ETHUSDT,CIGESZ62,74.88557927498593,29,444,6,15,14,142.3198355480489,-67.434256273063,30.50950555657469,0.1433566433566719,-8.658368665730558,-0.6012491706512434,55,1,2.766708593903421
101,101,101,101,101,101,101,101,101,101,115,lowlow,ETHUSDT,SLZ4L82F,72.16239673536768,29,444,6,15,14,142.3198355480489,-70.15743881268125,30.50950555657469,0.1433566433566719,-8.658368665730558,-0.6012491706512434,55,1,2.666098401552993
102,102,102,102,102,102,102,102,102,102,116,lowlow,ETHUSDT,PW7AUHZZ,86.48253228991094,42,541,6,24,18,167.8900698847585,-81.40753759484755,30.50950555657469,0.1433566433566719,-8.658368665730558,-0.6012491706512434,56,1,2.7454772155527283
103,103,103,103,103,103,103,103,103,103,117,lowlow,ETHUSDT,AHTXQMLR,74.84568950970768,34,541,6,18,16,149.0529411584178,-74.20725164871016,30.50950555657469,0.1433566433566719,-8.658368665730558,-0.6012491706512434,56,1,2.4765117852476806
104,104,104,104,104,104,104,104,104,104,118,lowlow,ETHUSDT,IWJTV3CI,72.52262995569703,37,541,6,20,17,157.25673055691902,-84.734100601222,30.50950555657469,0.1433566433566719,-8.658368665730558,-0.6012491706512434,56,1,2.305965976333769
105,105,105,105,105,105,105,105,105,105,119,lowlow,ETHUSDT,CV5VGB5K,92.35820366183354,44,541,6,25,19,182.85767903986687,-90.49947537803344,30.50950555657469,0.1433566433566719,-8.658368665730558,-0.6012491706512434,56,1,2.761908004241433
106,106,106,106,106,106,106,106,106,106,120,highhigh,ETHUSDT,OGYQ8G8N,16.761769876947458,17,1525,4,6,11,79.7241402504161,-62.96237037346864,33.29147845560937,3.899940291002823,-11.455709809416929,-0.5386843803181229,293,9,0.5378107981908276
107,107,107,107,107,107,107,107,107,107,121,highhigh,ETHUSDT,6UH4FCOW,11.2362403745096,13,1160,3,5,8,52.53480894303996,-41.29856856853037,24.435553814732945,2.713776844359324,-9.642943591374545,-1.4561844500303078,285,3,0.5402038641591154
108,108,108,108,108,108,108,108,108,108,122,highhigh,ETHUSDT,CCFPHTV1,17.251385710346504,17,1304,4,6,11,80.24822778129844,-62.99684207095193,25.532915757516538,0.4355605879654677,-16.498874043397713,-0.1151574437523788,286,1,0.5535203971234172
109,109,109,109,109,109,109,109,109,109,123,highhigh,ETHUSDT,MFNWM40G,13.564698558698025,12,1189,6,4,8,56.64607035280613,-43.08137179410811,32.47253255661451,3.636390414893155,-9.43517046465979,-1.1486622216059788,240,2,0.5651957732790843
110,110,110,110,110,110,110,110,110,110,124,highhigh,ETHUSDT,PKW27NO0,16.802996154599114,24,1830,6,11,13,85.21675367108627,-68.41375751648715,25.6475393783398,1.128936917735832,-12.035118223350432,-0.359093104174159,282,1,0.5924133259634303
111,111,111,111,111,111,111,111,111,111,125,highhigh,ETHUSDT,T7VQW15Q,19.332008906311977,17,1360,6,6,11,78.93891701967283,-59.60690811336086,27.64175823160732,1.2948930116424342,-11.455709809416929,-0.359093104174159,284,2,0.6202783606303308
112,112,112,112,112,112,112,112,112,112,126,highhigh,ETHUSDT,05813TKD,26.657823623792257,29,2033,11,12,17,126.3731426592908,-99.71531903549857,37.60923338237136,1.128936917735832,-12.035118223350432,-1.5831786242070742,282,1,0.6488719746156331
113,113,113,113,113,113,113,113,113,113,127,highhigh,ETHUSDT,XAI6K946,14.706146666104214,23,1623,8,12,11,90.38020351641585,-75.67405685031162,24.34043029404359,0.7715894092149178,-24.20165374219973,-1.5087726130897818,286,1,0.6975247430563264
114,114,114,114,114,114,114,114,114,114,128,highhigh,ETHUSDT,RI9K88X0,22.198537790704243,15,1338,8,5,10,74.1488502829122,-51.95031249220796,28.850231981682903,0.0296377839405473,-10.387602079419636,-0.9991209716358516,290,2,0.7399512596901414
115,115,115,115,115,115,115,115,115,115,129,highhigh,ETHUSDT,I2BXVVGW,15.214020697230405,11,1186,5,4,7,56.64607035280613,-41.43204965557573,32.47253255661451,3.636390414893155,-9.43517046465979,-1.3754170509622223,240,2,0.7903387375184625
116,116,116,116,116,116,116,116,116,116,130,highhigh,ETHUSDT,36RKDN3K,15.269486718475548,11,1183,5,4,7,56.64607035280613,-41.37658363433058,32.47253255661451,3.636390414893155,-9.43517046465979,-1.3754170509622223,240,2,0.793220089271457
117,117,117,117,117,117,117,117,117,117,131,highhigh,ETHUSDT,M47I1QXB,15.624150806152386,11,1184,5,4,7,56.64607035280613,-41.02191954665374,32.47253255661451,3.636390414893155,-9.43517046465979,-1.3754170509622223,240,2,0.8116441977222019
118,118,118,118,118,118,118,118,118,118,132,highhigh,ETHUSDT,PGCWR2UE,29.10126956000646,16,1366,9,5,11,74.1488502829122,-45.04758072290575,28.850231981682903,0.0296377839405473,-9.43517046465979,-0.9846562680732076,290,2,0.8267406125001835
119,119,119,119,119,119,119,119,119,119,133,highhigh,ETHUSDT,492UHCOB,25.038429292703466,15,1364,8,5,10,74.1488502829122,-49.11042099020874,28.850231981682903,0.0296377839405473,-9.43517046465979,-0.9991209716358516,290,2,0.8346143097567822
120,120,120,120,120,120,120,120,120,120,134,highhigh,ETHUSDT,TSINRAVB,26.067474170012886,11,1045,5,3,8,70.4564212472836,-44.38894707727071,32.03071644824934,10.442982895659831,-12.661886548903755,-0.0367935917827658,288,5,0.8886638921595302
121,121,121,121,121,121,121,121,121,121,135,highhigh,ETHUSDT,31SN5DBD,23.92263725345443,16,1353,5,6,10,81.08433788327446,-57.16170062982003,27.64175823160732,2.713776844359324,-11.455709809416929,-1.4561844500303078,285,3,0.8970988970045412
122,122,122,122,122,122,122,122,122,122,136,highhigh,ETHUSDT,QIHH8Q7T,29.28181998319681,11,1059,5,3,8,71.95125726460184,-42.669437281405024,32.03071644824934,10.442982895659831,-12.661886548903755,-0.0367935917827658,288,5,0.9982438630635276
123,123,123,123,123,123,123,123,123,123,137,highhigh,ETHUSDT,QQW7OE7U,682.7572768317534,130,1809,6,75,55,917.1090898838575,-234.35181305210378,48.000000000000064,0.7715894092149178,-12.035118223350432,-0.359093104174159,282,1,7.161789617116294
124,124,124,124,124,124,124,124,124,124,138,highhigh,ETHUSDT,VVDI15W8,23.215118908539463,14,1376,4,5,9,69.74538055267439,-46.53026164413494,26.29014028591917,4.397837901527332,-9.43517046465979,-1.7481521833331133,290,5,0.9212348773229946
125,125,125,125,125,125,125,125,125,125,139,highhigh,ETHUSDT,GTQU8I55,30.599977492314128,16,1333,6,6,10,77.27989114980213,-46.679913657488,28.850231981682903,0.0296377839405473,-9.43517046465979,-0.9991209716358516,290,3,1.1474991559617798
126,126,126,126,126,126,126,126,126,126,140,highlow,ETHUSDT,ELL0KU8J,107.4264971563188,19,4579,1,7,12,200.2651767592124,-92.83867960289358,117.208770101555,8.497393568743721,-14.158273726242935,-2.5058993046129427,1419,26,3.298181930237858
127,127,127,127,127,127,127,127,127,127,141,highlow,ETHUSDT,OZUNT7FH,104.80829390951185,18,4582,1,6,12,192.2651767592124,-87.45688284970053,117.208770101555,8.497393568743721,-14.158273726242935,-2.5058993046129427,1419,26,2.91134149748644
128,128,128,128,128,128,128,128,128,128,142,highlow,ETHUSDT,DCPYE5DP,109.96013395690487,20,4582,1,8,12,200.6321083494969,-90.67197439259199,117.208770101555,8.497393568743721,-14.158273726242935,-2.5058993046129427,1419,26,3.6653377985634954
129,129,129,129,129,129,129,129,129,129,143,highlow,ETHUSDT,CZKCETDD,113.61227024682204,20,5081,1,7,13,201.3179233937236,-87.70565314690153,117.21285682175773,8.309413767939638,-14.158273726242935,-2.0164227534600463,1417,26,3.058791891260593
130,130,130,130,130,130,130,130,130,130,144,highlow,ETHUSDT,MT8CO9CU,111.312274051044,21,5081,1,8,13,201.68485498400807,-90.37258093296406,117.21285682175773,8.309413767939638,-14.158273726242935,-2.0164227534600463,1417,26,3.261898140689934
131,131,131,131,131,131,131,131,131,131,145,highlow,ETHUSDT,PQ7JUQ9K,110.8739524019544,20,5075,1,7,13,201.3179233937236,-90.44397099176916,117.21285682175773,8.309413767939638,-14.158273726242935,-2.0164227534600463,1417,26,2.985067949283388
132,132,132,132,132,132,132,132,132,132,146,highlow,ETHUSDT,B8DE2C8D,114.69346663525435,20,5075,1,7,13,201.3179233937236,-86.62445675846921,117.21285682175773,8.309413767939638,-14.158273726242935,-2.0164227534600463,1417,26,3.0879010247953094
133,133,133,133,133,133,133,133,133,133,147,highlow,ETHUSDT,TXOSY565,114.98331370361478,22,5080,1,8,14,217.3179233937236,-102.33460969010875,117.21285682175773,8.309413767939638,-14.158273726242935,-2.0164227534600463,1417,26,2.986579576717267
134,134,134,134,134,134,134,134,134,134,148,highlow,ETHUSDT,BNIZ87Y0,107.36853159829901,22,5080,1,8,14,217.3179233937236,-109.94939179542459,117.21285682175773,8.309413767939638,-14.158273726242935,-2.0164227534600463,1417,26,2.7887930285272473
135,135,135,135,135,135,135,135,135,135,149,highlow,ETHUSDT,53QP52I5,140.48063763603554,18,3239,10,5,13,216.22392564036383,-75.74328800432832,134.51969252454396,10.677276091783868,-6.63576766176654,-4.86061068486571,1596,2,3.0017230264110157
136,136,136,136,136,136,136,136,136,136,150,highlow,ETHUSDT,RYN73V15,138.39051584465523,19,3242,10,6,13,231.22392564036383,-92.83340979570865,134.51969252454396,10.677276091783868,-6.63576766176654,-4.36747342038813,1596,2,3.361712935497698
137,137,137,137,137,137,137,137,137,137,151,highlow,ETHUSDT,QQZ7PIY0,142.0368578206328,18,3242,10,5,13,216.22392564036383,-74.18706781973106,134.51969252454396,10.677276091783868,-6.63576766176654,-4.36747342038813,1596,2,3.0349755944579657
138,138,138,138,138,138,138,138,138,138,152,highlow,ETHUSDT,ESYW9Z3R,128.21145597623996,22,4636,2,8,14,227.2323331685269,-99.02087719228692,132.80289300993851,10.677276091783868,-15.100621054978015,-1.3038034053795564,1605,17,3.3301676876945443
139,139,139,139,139,139,139,139,139,139,153,highlow,ETHUSDT,G1XHJYJL,138.06659786889082,23,4630,2,8,15,242.1972977278372,-104.1306998589464,134.51969252454396,10.677276091783868,-14.158273726242935,-1.3038034053795564,1596,17,3.2015442984090625
140,140,140,140,140,140,140,140,140,140,154,highlow,ETHUSDT,MSBWHHF4,128.14939307041925,21,4471,2,7,14,234.1301931302829,-105.98080005986363,132.80289300993851,10.677276091783868,-15.100621054978015,-2.5058993046129427,1605,15,3.0511760254861726
141,141,141,141,141,141,141,141,141,141,155,highlow,ETHUSDT,RPSBKYTU,119.54142099410244,18,4474,2,6,12,211.6301931302829,-92.08877213618044,132.80289300993851,10.677276091783868,-15.100621054978015,-2.2677416330739715,1605,16,3.320595027613957
142,142,142,142,142,142,142,142,142,142,156,highlow,ETHUSDT,Z3NN7U9G,139.15603403876793,25,4474,2,9,16,244.0030987289753,-104.84706469020729,132.80289300993851,10.677276091783868,-15.100621054978015,-2.2677416330739715,1605,16,3.1310107658722783
143,143,143,143,143,143,143,143,143,143,157,highlow,ETHUSDT,FBBAVLDZ,120.13120799837408,19,4465,2,6,13,212.1972977278372,-92.0660897294632,134.51969252454396,10.677276091783868,-14.158273726242935,-2.5058993046129427,1596,15,2.9181669959119207
144,144,144,144,144,144,144,144,144,144,158,highlow,ETHUSDT,1CNCV9PD,143.09763373448246,26,4469,2,9,17,252.19729772783722,-109.09966399335477,134.51969252454396,10.677276091783868,-14.158273726242935,-2.5058993046129427,1596,16,2.913752723100321
145,145,145,145,145,145,145,145,145,145,159,highlow,ETHUSDT,PUR8HYHP,122.954077354186,19,4469,2,6,13,212.1972977278372,-89.24322037365121,134.51969252454396,10.677276091783868,-14.158273726242935,-2.5058993046129427,1596,16,2.986738721154316
146,146,146,146,146,146,146,146,146,146,160,lowhigh,ADAUSDT,2E7U5868,11.613656871328155,24,623,6,7,17,72.94448447276064,-61.33082760143248,17.832238846388215,3.0742049469964576,-5.815718982154473,-0.7463992069508639,99,1,0.1992539169100419
147,147,147,147,147,147,147,147,147,147,161,lowhigh,ADAUSDT,9VW9B0N9,18.152833675656527,53,824,9,20,33,130.6657683605221,-112.51293468486551,41.97685801059211,0.0474383301707727,-10.21021021021017,-0.1623376623376444,63,1,0.2075795731921844
148,148,148,148,148,148,148,148,148,148,162,lowhigh,ADAUSDT,UJG3JUOY,14.907392240517463,24,626,6,7,17,73.43823585241768,-58.53084361190021,20.460978568540224,3.0742049469964576,-5.365414911572466,-0.0461183704842378,99,1,0.2557640825578977
149,149,149,149,149,149,149,149,149,149,163,lowhigh,ADAUSDT,7DY22RNQ,9.565482402718034,28,644,1,12,16,73.526699831696,-63.96121742897797,15.148487183612602,0.4496331939733405,-12.000708528916793,-0.5518800492037618,73,7,0.2562182786442331
150,150,150,150,150,150,150,150,150,150,164,lowhigh,ADAUSDT,3WZXKZ0K,9.565482402718034,28,644,1,12,16,73.526699831696,-63.96121742897797,15.148487183612602,0.4496331939733405,-12.000708528916793,-0.5518800492037618,73,7,0.2562182786442331
151,151,151,151,151,151,151,151,151,151,165,lowhigh,ADAUSDT,IY52UG5O,9.565482402718034,28,644,1,12,16,73.526699831696,-63.96121742897797,15.148487183612602,0.4496331939733405,-12.000708528916793,-0.5518800492037618,73,7,0.2562182786442331
152,152,152,152,152,152,152,152,152,152,166,lowhigh,ADAUSDT,9F87CJ46,9.565482402718034,28,644,1,12,16,73.526699831696,-63.96121742897797,15.148487183612602,0.4496331939733405,-12.000708528916793,-0.5518800492037618,73,7,0.2562182786442331
153,153,153,153,153,153,153,153,153,153,167,lowhigh,ADAUSDT,5O9KGF05,12.157145511636864,25,575,7,9,16,70.6662148221741,-58.50906931053726,16.632088812864637,2.191633343586604,-7.14513876775033,-0.4992813374688071,76,5,0.2735357740118294
154,154,154,154,154,154,154,154,154,154,168,lowhigh,ADAUSDT,X3KW1DGI,12.157145511636864,25,575,7,9,16,70.6662148221741,-58.50906931053726,16.632088812864637,2.191633343586604,-7.14513876775033,-0.4992813374688071,76,5,0.2735357740118294
155,155,155,155,155,155,155,155,155,155,169,lowhigh,ADAUSDT,CTBDR8CB,12.157145511636864,25,575,7,9,16,70.6662148221741,-58.50906931053726,16.632088812864637,2.191633343586604,-7.14513876775033,-0.4992813374688071,76,5,0.2735357740118294
156,156,156,156,156,156,156,156,156,156,170,lowhigh,ADAUSDT,ML25I6OJ,12.157145511636864,25,575,7,9,16,70.6662148221741,-58.50906931053726,16.632088812864637,2.191633343586604,-7.14513876775033,-0.4992813374688071,76,5,0.2735357740118294
157,157,157,157,157,157,157,157,157,157,171,lowhigh,ADAUSDT,5YZFEI05,11.51704779695109,22,648,5,8,14,52.87569678318526,-41.35864898623417,12.548210526315817,0.8456356600258014,-5.983127376566381,-0.5205080158234633,100,1,0.2991440986221062
158,158,158,158,158,158,158,158,158,158,172,lowhigh,ADAUSDT,BQ5UKYDU,13.704145606954729,23,609,6,8,15,83.67895957688768,-69.97481396993292,22.27405935257864,3.0622460396914097,-7.061438095920872,-0.500038464497214,99,5,0.3177772894366313
159,159,159,159,159,159,159,159,159,159,173,lowhigh,ADAUSDT,N1N88VVU,13.704145606954729,23,609,6,8,15,83.67895957688768,-69.97481396993292,22.27405935257864,3.0622460396914097,-7.061438095920872,-0.500038464497214,99,5,0.3177772894366313
160,160,160,160,160,160,160,160,160,160,174,lowhigh,ADAUSDT,XJZP3R9V,13.704145606954729,23,609,6,8,15,83.67895957688768,-69.97481396993292,22.27405935257864,3.0622460396914097,-7.061438095920872,-0.500038464497214,99,5,0.3177772894366313
161,161,161,161,161,161,161,161,161,161,175,lowhigh,ADAUSDT,ZDQTNHS6,6.066666278888944,11,479,0,5,6,22.238837195024782,-16.17217091613584,7.624854422141518,1.829701563240166,-4.39580759306417,-0.401318618317316,85,16,0.4595959302188594
162,162,162,162,162,162,162,162,162,162,176,lowhigh,ADAUSDT,W4MXT28N,6.813665606964928,12,558,1,6,6,25.64248425560175,-18.828818648636823,8.066959487478954,0.733918549431588,-4.544693672581186,-0.2473823242893669,96,1,0.5678054672470773
163,163,163,163,163,163,163,163,163,163,177,lowhigh,ADAUSDT,KH6IBB21,7.784011611118877,11,531,1,5,6,25.09261936361485,-17.308607752495973,8.066959487478954,2.3192072527935848,-4.07221563831664,-0.0716640389852293,96,3,0.5896978493271876
164,164,164,164,164,164,164,164,164,164,178,lowhigh,ADAUSDT,C55EXJ92,10.972591954261276,13,580,2,6,7,36.37991932490159,-25.40732737064032,8.809068560502581,3.0021316911416243,-5.477223427331886,-2.499642908155988,104,5,0.7234676013798643
165,165,165,165,165,165,165,165,165,165,179,lowhigh,ADAUSDT,0X048OSL,20.68414463445298,12,560,1,6,6,35.96990916385217,-15.285764529399197,13.668499607227044,1.829701563240166,-4.160467989611446,-0.2473823242893669,96,1,1.7236787195377483
166,166,166,166,166,166,166,166,166,166,198,lowlow,ADAUSDT,KSM3TKP6,27.14583494371079,516,2524,3,180,333,637.2436044064915,-610.0977694627808,26.43171806167392,0.0382614018977613,-8.87403130223367,-0.0141572874637203,28,1,0.0284368687866234
167,167,167,167,167,167,167,167,167,167,199,lowlow,ADAUSDT,SSBSN5UF,25.449722097746587,470,2502,3,163,305,580.1293711219973,-554.6796490242511,26.43171806167392,0.0646390983674302,-8.87403130223367,-0.0169721656483725,28,1,0.0289382957930428
168,168,168,168,168,168,168,168,168,168,200,highhigh,ADAUSDT,V5WE7NVB,62.48865770385403,17,1149,6,8,9,126.98989286966687,-64.50123516581287,40.65008747404389,3.473533532314064,-9.01937446273888,-6.030920730235692,216,11,3.26738079497276
169,169,169,169,169,169,169,169,169,169,201,highhigh,ADAUSDT,8EQY37CT,50.01750572837288,13,885,4,6,7,103.91834494468937,-53.90083921631651,49.433462500613146,7.03808458856806,-10.536832289862788,-5.3849355361941935,215,7,3.297857520552058
170,170,170,170,170,170,170,170,170,170,202,highhigh,ADAUSDT,56TNYJ0B,44.66965045036191,11,995,4,5,6,73.71374297651133,-29.04409252614941,29.112441331620754,0.5700958797615909,-7.180272676783206,-1.5378523915109452,304,12,3.384064428057721
171,171,171,171,171,171,171,171,171,171,203,highhigh,ADAUSDT,NH5POK1L,45.5855466452897,11,1005,4,5,6,73.71374297651133,-28.12819633122161,29.112441331620754,0.5700958797615909,-6.733506028362634,-1.5378523915109452,304,12,3.4534505034310388
172,172,172,172,172,172,172,172,172,172,204,highhigh,ADAUSDT,F8HYO7JA,76.03526814433414,19,1167,7,9,10,141.52630146651336,-65.49103332217922,40.65008747404389,2.152687919068343,-10.11836578846887,-4.9420540828559885,164,4,3.601670596310565
173,173,173,173,173,173,173,173,173,173,205,highhigh,ADAUSDT,TGS369TO,62.70625934643948,19,1148,6,10,9,123.12058399177737,-60.41432464533785,52.15919349984955,0.9881190448182524,-7.521954944635349,-5.438172059610224,180,4,3.6670327103180975
174,174,174,174,174,174,174,174,174,174,206,highhigh,ADAUSDT,ASD7VWZK,80.07139028183167,19,1174,7,9,10,149.91205027964597,-69.84065999781433,40.65008747404389,0.9468015858926572,-10.11836578846887,-5.438172059610224,159,4,3.792855329139395
175,175,175,175,175,175,175,175,175,175,207,highhigh,ADAUSDT,KC0EBW15,50.96371011074582,11,1402,6,5,6,99.06019551235568,-48.09648540160988,33.190507580751486,7.135265937443816,-11.889517933232902,-5.604255784164999,365,5,3.860887129601956
176,176,176,176,176,176,176,176,176,176,208,highhigh,ADAUSDT,CVIMC2I3,52.038842164579926,11,963,4,5,6,73.71374297651133,-21.6749008119314,29.112441331620754,0.5700958797615909,-6.332590539415054,-1.1596514547336323,304,1,3.942336527619691
177,177,177,177,177,177,177,177,177,177,209,highhigh,ADAUSDT,CUPBHFPE,51.86214200563615,12,1007,6,6,6,100.6915521508341,-48.82941014519795,33.860609802050824,1.869158878504668,-11.889517933232902,-5.111455966701358,289,5,4.321845167136346
178,178,178,178,178,178,178,178,178,178,210,highhigh,ADAUSDT,P10LY2VX,48.21690327437892,13,1051,5,7,6,77.02546594628006,-28.80856267190115,29.112441331620754,0.1949876698973487,-7.180272676783206,-1.684374190204732,304,1,4.32715798616221
179,179,179,179,179,179,179,179,179,179,211,highhigh,ADAUSDT,GKQXG23D,57.24917231513064,11,1002,6,5,6,95.34049357595012,-38.09132126081947,32.1223470661673,1.869158878504668,-8.061868967425816,-5.7018434129732265,289,3,4.337058508722018
180,180,180,180,180,180,180,180,180,180,212,highhigh,ADAUSDT,SYLMMRTF,30.19379976082792,11,992,3,7,4,56.87452609426737,-26.68072633343945,18.119039789542928,0.2907925580843571,-8.412758018961949,-5.061867266591694,250,5,4.803559052858987
181,181,181,181,181,181,181,181,181,181,213,highhigh,ADAUSDT,DKU5O824,55.58609498859693,13,1019,5,7,6,77.02546594628006,-21.43937095768313,29.112441331620754,0.1949876698973487,-5.3849355361941935,-1.1596514547336323,304,1,4.988495704104853
182,182,182,182,182,182,182,182,182,182,214,highhigh,ADAUSDT,6XEBOILD,67.55611029091827,11,1417,6,5,6,115.59235143421698,-48.03624114329873,38.137895587047474,7.135265937443816,-11.829273674921753,-5.604255784164999,379,6,5.117887143251385
183,183,183,183,183,183,183,183,183,183,215,highhigh,ADAUSDT,ZEDNLT37,70.4228962822315,11,1422,6,5,6,118.45913742553022,-48.03624114329873,41.00468157836071,7.135265937443816,-11.829273674921753,-5.604255784164999,384,6,5.3350679001690535
184,184,184,184,184,184,184,184,184,184,216,highhigh,ADAUSDT,2O2J8E7E,76.74529470082038,11,1423,6,5,6,124.78153584411912,-48.03624114329873,47.3270799969496,7.135265937443816,-11.829273674921753,-5.604255784164999,385,6,5.814037477334878
185,185,185,185,185,185,185,185,185,185,217,highhigh,ADAUSDT,GBXSYFJP,41.72312098270891,11,1020,3,7,4,68.36483588234489,-26.641714899635986,18.119039789542928,0.2907925580843571,-8.221687414927494,-5.213926436822682,250,11,6.637769247249145
186,186,186,186,186,186,186,186,186,186,218,highhigh,ADAUSDT,CVF4SP4K,41.86367004523095,11,1015,3,7,4,68.36483588234489,-26.50116583711395,18.119039789542928,0.2907925580843571,-8.221687414927494,-5.213926436822682,250,10,6.660129325377651
187,187,187,187,187,187,187,187,187,187,219,highhigh,ADAUSDT,MFNWM40G,115.14800902313634,11,1840,3,6,5,145.51099692152656,-30.36298789839023,42.25508317929763,11.145286774018434,-7.125689795833261,-4.5087638376383925,362,3,12.561600984342146
188,188,188,188,188,188,188,188,188,188,220,highlow,ADAUSDT,DCPYE5DP,5.203096593634542,15,3158,2,6,9,92.46537601743736,-87.26227942380284,40.71261682242993,3.538461538461525,-13.642604234409974,-6.014201781723926,549,27,0.2312487374948685
189,189,189,189,189,189,189,189,189,189,221,highlow,ADAUSDT,OZUNT7FH,5.203096593634542,15,3158,2,6,9,92.46537601743736,-87.26227942380284,40.71261682242993,3.538461538461525,-13.642604234409974,-6.014201781723926,549,27,0.2312487374948685
190,190,190,190,190,190,190,190,190,190,222,highlow,ADAUSDT,CO1LWEXG,21.07087971723457,20,2279,15,4,16,118.96538594788802,-97.89450623065343,61.06892523364489,6.959841421334669,-8.532687957925575,-5.179984202070783,549,2,0.2633859964654322
191,191,191,191,191,191,191,191,191,191,223,highlow,ADAUSDT,PM2P83K0,21.46543736103992,20,2283,15,4,16,118.96538594788802,-97.4999485868481,61.06892523364489,6.959841421334669,-8.532687957925575,-5.179984202070783,549,2,0.268317967012999
192,192,192,192,192,192,192,192,192,192,224,highlow,ADAUSDT,DPRGT494,21.46543736103992,20,2283,15,4,16,118.96538594788802,-97.4999485868481,61.06892523364489,6.959841421334669,-8.532687957925575,-5.179984202070783,549,2,0.268317967012999
193,193,193,193,193,193,193,193,193,193,225,highlow,ADAUSDT,FBBAVLDZ,7.522214523852708,15,3154,3,6,9,94.99194283976593,-87.46972831591323,40.71261682242993,3.538461538461525,-13.817499278082574,-6.014201781723926,549,27,0.3343206455045648
194,194,194,194,194,194,194,194,194,194,226,highlow,ADAUSDT,PUR8HYHP,8.445262113035096,15,3158,3,6,9,94.99194283976593,-86.54668072673086,40.71261682242993,3.538461538461525,-13.817499278082574,-6.014201781723926,549,27,0.3753449828015598
195,195,195,195,195,195,195,195,195,195,227,highlow,ADAUSDT,1CNCV9PD,8.445262113035096,15,3158,3,6,9,94.99194283976593,-86.54668072673086,40.71261682242993,3.538461538461525,-13.817499278082574,-6.014201781723926,549,27,0.3753449828015598
196,196,196,196,196,196,196,196,196,196,228,highlow,ADAUSDT,MSBWHHF4,11.063362061239449,15,3528,3,6,9,110.08688115179476,-99.02351909055534,40.71261682242993,3.538461538461525,-18.872882381718963,-6.465451202696494,549,59,0.491704980499531
197,197,197,197,197,197,197,197,197,197,229,highlow,ADAUSDT,RPSBKYTU,12.098729648042188,15,3531,3,6,9,110.08688115179476,-97.9881515037526,40.71261682242993,3.538461538461525,-18.872882381718963,-6.465451202696494,549,59,0.5377213176907639
198,198,198,198,198,198,198,198,198,198,230,highlow,ADAUSDT,Z3NN7U9G,12.098729648042188,15,3531,3,6,9,110.08688115179476,-97.9881515037526,40.71261682242993,3.538461538461525,-18.872882381718963,-6.465451202696494,549,59,0.5377213176907639
199,199,199,199,199,199,199,199,199,199,231,highlow,ADAUSDT,ESYW9Z3R,12.177006958585215,15,3465,4,6,9,110.08688115179476,-97.90987419320956,40.71261682242993,3.538461538461525,-18.872882381718963,-5.933051622908203,549,46,0.541200309270454
200,200,200,200,200,200,200,200,200,200,232,highlow,ADAUSDT,0N4PNJBK,37.37067883465613,17,2532,11,4,13,118.7890047628575,-81.41832592820136,61.06892523364489,6.959841421334669,-8.532687957925575,-5.179984202070783,549,7,0.6763923770978485
201,201,201,201,201,201,201,201,201,201,233,highlow,ADAUSDT,YU9Q05DI,41.11813835937495,20,2617,14,5,15,130.6254205843209,-89.50728222494594,61.06892523364489,6.959841421334669,-8.532687957925575,-5.1523129159187615,549,4,0.6853023059895825
202,202,202,202,202,202,202,202,202,202,234,highlow,ADAUSDT,SRWUGIG5,37.86903138727246,17,2535,11,4,13,118.7890047628575,-80.91997337558504,61.06892523364489,6.959841421334669,-8.532687957925575,-5.179984202070783,549,7,0.6854123328013114
203,203,203,203,203,203,203,203,203,203,235,highlow,ADAUSDT,ABJFTEC8,37.86903138727246,17,2535,11,4,13,118.7890047628575,-80.91997337558504,61.06892523364489,6.959841421334669,-8.532687957925575,-5.179984202070783,549,7,0.6854123328013114
204,204,204,204,204,204,204,204,204,204,236,highlow,ADAUSDT,SWEI9XKW,40.70274104270766,17,2538,11,4,13,118.7890047628575,-78.08626372014983,61.06892523364489,6.959841421334669,-8.532687957925575,-5.1523129159187615,549,4,0.736701195343125
205,205,205,205,205,205,205,205,205,205,237,highlow,ADAUSDT,53QP52I5,43.91299390264791,19,2518,13,5,14,130.6254205843209,-86.71242668167297,61.06892523364489,6.959841421334669,-8.532687957925575,-5.179984202070783,549,5,0.8254322162151863
206,206,206,206,206,206,206,206,206,206,238,highlow,ADAUSDT,QQZ7PIY0,44.30755154645324,19,2522,13,5,14,130.6254205843209,-86.31786903786764,61.06892523364489,6.959841421334669,-8.532687957925575,-5.179984202070783,549,5,0.8328487132791962
207,207,207,207,207,207,207,207,207,207,239,highlow,ADAUSDT,RYN73V15,44.30755154645324,19,2522,13,5,14,130.6254205843209,-86.31786903786764,61.06892523364489,6.959841421334669,-8.532687957925575,-5.179984202070783,549,5,0.8328487132791962
208,208,208,208,208,208,208,208,208,208,240,lowhigh,BNBUSDT,2R5D3AY3,46.022563718520274,11,214,1,7,4,68.66434427287533,-22.641780554355048,12.204558023837714,0.320738982615929,-7.987473111476672,-4.177323103154314,59,7,7.321771500673679
209,209,209,209,209,209,209,209,209,209,241,lowhigh,BNBUSDT,G3PL4NDP,73.88312090909156,15,194,0,9,6,100.37737575927297,-26.494254850181395,11.844750572837889,10.287378792335772,-5.355586000747287,-3.389385181292749,40,3,7.388312090909157
210,210,210,210,210,210,210,210,210,210,242,lowhigh,BNBUSDT,UPTRWSYZ,73.88312090909156,15,194,0,9,6,100.37737575927297,-26.494254850181395,11.844750572837889,10.287378792335772,-5.355586000747287,-3.389385181292749,40,3,7.388312090909157
211,211,211,211,211,211,211,211,211,211,243,lowhigh,BNBUSDT,UV2RDWTF,73.88312090909156,15,194,0,9,6,100.37737575927297,-26.494254850181395,11.844750572837889,10.287378792335772,-5.355586000747287,-3.389385181292749,40,3,7.388312090909157
212,212,212,212,212,212,212,212,212,212,244,lowhigh,BNBUSDT,IDCR8MQ5,49.6364627855786,11,211,2,7,4,68.52006266778196,-18.883599882203352,12.204558023837714,0.1764573775225603,-5.867840825461848,-2.6082736867645,59,4,7.896709988614778
213,213,213,213,213,213,213,213,213,213,245,lowhigh,BNBUSDT,5M4NO8U0,47.46358099375786,12,291,3,8,4,65.4911915239934,-18.02761053023554,11.41159150633841,4.171252262247945,-6.08798407082126,-2.8916149905634496,81,3,7.910596832292977
214,214,214,214,214,214,214,214,214,214,246,lowhigh,BNBUSDT,T50U3FWQ,61.9519635373794,14,214,1,9,5,83.48526046461498,-21.53329692723557,11.844750572837889,1.259689922480668,-5.721310983837609,-1.851574437486843,35,4,7.965252454805922
215,215,215,215,215,215,215,215,215,215,247,lowhigh,BNBUSDT,38FM8PNA,61.9519635373794,14,214,1,9,5,83.48526046461498,-21.53329692723557,11.844750572837889,1.259689922480668,-5.721310983837609,-1.851574437486843,35,4,7.965252454805922
216,216,216,216,216,216,216,216,216,216,248,lowhigh,BNBUSDT,4T0T3XCJ,65.9558193500458,13,203,1,8,5,79.78810156993939,-13.832282219893576,11.844750572837889,0.7564997221021569,-5.112006189098705,-0.2378671247811382,40,3,8.117639304621022
217,217,217,217,217,217,217,217,217,217,249,lowhigh,BNBUSDT,PZPTAE9Z,66.24360367913307,13,169,1,8,5,88.79201820201779,-22.54841452288473,11.844750572837889,10.287511417705227,-5.066841251070421,-3.389385181292749,40,3,8.15305891435484
218,218,218,218,218,218,218,218,218,218,250,lowhigh,BNBUSDT,KV2K2IX4,66.24360367913307,13,169,1,8,5,88.79201820201779,-22.54841452288473,11.844750572837889,10.287511417705227,-5.066841251070421,-3.389385181292749,40,3,8.15305891435484
219,219,219,219,219,219,219,219,219,219,251,lowhigh,BNBUSDT,F4YSPYX0,69.73689810237732,13,174,1,8,5,89.46013218053812,-19.7232340781608,11.844750572837889,10.287511417705227,-5.355586000747287,-2.375977352386034,40,5,8.583002843369517
220,220,220,220,220,220,220,220,220,220,252,lowhigh,BNBUSDT,8KBMC56Y,69.73689810237732,13,174,1,8,5,89.46013218053812,-19.7232340781608,11.844750572837889,10.287511417705227,-5.355586000747287,-2.375977352386034,40,5,8.583002843369517
221,221,221,221,221,221,221,221,221,221,253,lowhigh,BNBUSDT,LLJW1T0L,69.73689810237732,13,174,1,8,5,89.46013218053812,-19.7232340781608,11.844750572837889,10.287511417705227,-5.355586000747287,-2.375977352386034,40,5,8.583002843369517
222,222,222,222,222,222,222,222,222,222,254,lowhigh,BNBUSDT,CW39Q4I0,70.30704635171632,14,200,1,9,5,91.84034327895188,-21.53329692723557,11.844750572837889,1.259689922480668,-5.721310983837609,-1.851574437486843,40,4,9.039477388077811
223,223,223,223,223,223,223,223,223,223,255,lowhigh,BNBUSDT,QO9MFQHI,67.69539902349759,12,174,2,8,4,88.37669690595936,-20.681297882461784,11.844750572837889,10.287378792335772,-6.015692731302256,-4.688857596548514,40,5,11.282566503916264
224,224,224,224,224,224,224,224,224,224,256,lowhigh,BNBUSDT,NLIIZ88U,68.23503403408668,12,174,2,8,4,88.82578393061362,-20.590749896526944,11.844750572837889,10.287511417705227,-6.015692731302256,-4.688857596548514,40,4,11.37250567234778
225,225,225,225,225,225,225,225,225,225,257,lowhigh,BNBUSDT,QCSG9WIO,155.23366554310218,32,222,1,25,7,178.7116474532952,-23.47798191019304,17.714818573270048,0.7738095238096094,-5.936524029424666,-2.549822183452965,34,3,17.32518588650694
226,226,226,226,226,226,226,226,226,226,258,lowhigh,BNBUSDT,B8C5NPWB,60.14076233164401,12,222,1,9,3,72.6783874044383,-12.53762507279427,11.973476583695804,0.7738095238096094,-5.936524029424666,-2.549822183452965,34,3,15.035190582911
227,227,227,227,227,227,227,227,227,227,259,lowhigh,BNBUSDT,YIPMSUZ0,59.39747886605536,13,234,1,9,4,74.05863734329063,-14.661158477235263,11.973476583695804,0.7738095238096094,-5.936524029424666,-2.549822183452965,40,3,10.280332880663428
228,228,228,228,228,228,228,228,228,228,260,lowlow,BNBUSDT,18DH31NP,94.54620610539013,77,733,7,36,40,227.0419597546938,-132.49575364930365,11.870338672629805,0.4259050482274876,-8.360530796707588,-0.0631805863838873,23,1,1.1050855259071573
229,229,229,229,229,229,229,229,229,229,261,lowlow,BNBUSDT,NGQ7NDSU,94.54620610539013,77,733,7,36,40,227.0419597546938,-132.49575364930365,11.870338672629805,0.4259050482274876,-8.360530796707588,-0.0631805863838873,23,1,1.1050855259071573
230,230,230,230,230,230,230,230,230,230,262,lowlow,BNBUSDT,H7ZRXPP8,94.54620610539013,77,733,7,36,40,227.0419597546938,-132.49575364930365,11.870338672629805,0.4259050482274876,-8.360530796707588,-0.0631805863838873,23,1,1.1050855259071573
231,231,231,231,231,231,231,231,231,231,263,lowlow,BNBUSDT,SLQ4PKE6,38.86107352205795,37,391,10,19,18,96.34240315113053,-57.48132962907258,12.277743152424543,0.0983574309039271,-6.024189403859801,-0.3275043276026978,44,1,1.108649244623275
232,232,232,232,232,232,232,232,232,232,264,lowlow,BNBUSDT,PFY6XUAM,99.79401942938806,91,884,6,46,45,242.9264911507161,-143.13247172132796,11.870338672629805,0.1429933269780346,-8.360530796707588,-0.3198873996353283,23,1,1.121007300061502
233,233,233,233,233,233,233,233,233,233,265,lowlow,BNBUSDT,63R8MLZ5,99.79401942938806,91,884,6,46,45,242.9264911507161,-143.13247172132796,11.870338672629805,0.1429933269780346,-8.360530796707588,-0.3198873996353283,23,1,1.121007300061502
234,234,234,234,234,234,234,234,234,234,266,lowlow,BNBUSDT,KJAF7GRI,99.79401942938806,91,884,6,46,45,242.9264911507161,-143.13247172132796,11.870338672629805,0.1429933269780346,-8.360530796707588,-0.3198873996353283,23,1,1.121007300061502
235,235,235,235,235,235,235,235,235,235,267,lowlow,BNBUSDT,TWJMNU3L,104.37792165498637,91,885,9,45,46,268.44434954985286,-164.06642789486665,12.41647848490564,0.1429933269780346,-6.826701742847707,-0.4192971630195509,27,2,1.1220751252924954
236,236,236,236,236,236,236,236,236,236,268,lowlow,BNBUSDT,HNS9H281,104.37792165498637,91,885,9,45,46,268.44434954985286,-164.06642789486665,12.41647848490564,0.1429933269780346,-6.826701742847707,-0.4192971630195509,27,2,1.1220751252924954
237,237,237,237,237,237,237,237,237,237,269,lowlow,BNBUSDT,IISPSEOI,104.37792165498637,91,885,9,45,46,268.44434954985286,-164.06642789486665,12.41647848490564,0.1429933269780346,-6.826701742847707,-0.4192971630195509,27,2,1.1220751252924954
238,238,238,238,238,238,238,238,238,238,270,lowlow,BNBUSDT,WM9IS6C4,38.01006729343661,24,519,13,10,14,106.55769508841196,-68.54762779497537,11.876375701039075,9.53398624348794,-6.016948575655938,-0.1775264645933957,47,1,1.1312520027808517
239,239,239,239,239,239,239,239,239,239,271,lowlow,BNBUSDT,X6MXB9U5,62.91008186809775,39,436,6,18,21,122.11091448139037,-59.2008326132926,12.380979691859874,0.4199675479621465,-6.132354404325316,-0.6411630037286916,32,1,1.3826391619362144
240,240,240,240,240,240,240,240,240,240,272,lowlow,BNBUSDT,6MMMLN1L,62.19476241457949,39,436,6,18,21,122.11091448139037,-59.91615206681085,12.380979691859874,0.4199675479621465,-6.132354404325316,-0.6411630037286916,32,1,1.3669178552654837
241,241,241,241,241,241,241,241,241,241,273,lowlow,BNBUSDT,Z3ESL080,53.49649218064507,42,430,6,22,20,109.57380356110318,-56.07731138045812,11.9783454281153,0.1360749924402575,-6.024189403859801,-0.2559140128917266,39,1,1.4010986047311804
242,242,242,242,242,242,242,242,242,242,274,lowlow,BNBUSDT,SB4TDGLG,56.08259013412556,48,430,6,26,22,114.5804971930196,-58.49790705889404,11.9783454281153,0.1360749924402575,-6.024189403859801,-0.2559140128917266,39,1,1.3808213479993037
243,243,243,243,243,243,243,243,243,243,275,lowlow,BNBUSDT,MNDGOXUW,42.66055378129756,33,364,4,17,16,92.80246014679356,-50.14190636549599,12.380979691859874,0.3218568665377063,-6.180923784578044,-0.6411630037286916,38,1,1.3735405573523836
244,244,244,244,244,244,244,244,244,244,276,lowlow,BNBUSDT,JQTQGQZO,43.76800152580154,31,364,4,15,16,87.99479299697667,-44.22679147117512,12.380979691859874,0.3218568665377063,-6.180923784578044,-0.6411630037286916,38,1,1.3236290784012563
245,245,245,245,245,245,245,245,245,245,277,lowlow,BNBUSDT,NDQ22O3K,20.927068301561203,12,184,6,5,7,57.64061835804222,-36.71355005648101,12.20683940470977,10.07828028675694,-5.676025042507354,-5.306501599952659,51,1,1.245658827473881
246,246,246,246,246,246,246,246,246,246,278,lowlow,BNBUSDT,F67L7YOK,25.53190517060033,17,210,5,8,9,68.19048134099425,-42.658576170393935,11.746590362679704,9.363361020852976,-6.310414592633044,-5.068306021701496,49,2,1.3350015775477295
247,247,247,247,247,247,247,247,247,247,279,lowlow,BNBUSDT,NJJ2EQP5,22.518601081466365,14,210,5,6,8,63.6240191181524,-41.10541803668604,11.746590362679704,9.363361020852976,-6.310414592633044,-5.068306021701496,49,2,1.2063536293642696
248,248,248,248,248,248,248,248,248,248,280,highhigh,BNBUSDT,DKU5O824,87.80841020318839,11,666,4,6,5,125.35653625333248,-37.5481260501441,46.75198406076829,3.586627504356314,-9.722134711108314,-5.066588909408413,219,1,9.57909929489328
249,249,249,249,249,249,249,249,249,249,281,highhigh,BNBUSDT,EKST859L,89.83049430663797,11,732,1,6,5,117.66442027974058,-27.83392597310261,60.811698706505,1.947791783523916,-12.209353988329736,-0.8490432658611052,154,1,9.79969028799687
250,250,250,250,250,250,250,250,250,250,282,highhigh,BNBUSDT,CZBN8IHK,109.24933401844444,13,838,4,7,6,145.9288209848179,-36.67948696637343,60.811698706505,0.0749532010482947,-14.161238313157549,-0.5856064108491223,155,4,9.80442741191168
251,251,251,251,251,251,251,251,251,251,283,highhigh,BNBUSDT,8ERQUFTX,103.21606316287628,14,851,4,8,6,143.87938416154603,-40.66332099866976,60.811698706505,1.0602558175373875,-14.161238313157549,-1.1239973432789911,156,5,9.830101253607264
252,252,252,252,252,252,252,252,252,252,284,highhigh,BNBUSDT,TW3QQL80,118.392633831261,17,773,4,10,7,160.91824747391536,-42.52561364265436,60.811698706505,1.4517409210033805,-11.603767924641502,-1.6199908178657902,154,1,9.948960826156386
253,253,253,253,253,253,253,253,253,253,285,highhigh,BNBUSDT,5N33JSC1,105.50715443292668,14,859,4,8,6,142.07870075218608,-36.57154631925936,60.811698706505,0.0749532010482947,-14.161238313157549,-0.869163199260267,153,1,10.048300422183493
254,254,254,254,254,254,254,254,254,254,286,highhigh,BNBUSDT,96Y34XXH,100.858879278244,15,783,2,9,6,138.33960591153553,-37.48072663329154,46.75198406076829,1.2124041557009146,-14.055802843254328,-0.5933905422676441,158,1,10.0858879278244
255,255,255,255,255,255,255,255,255,255,287,highhigh,BNBUSDT,MS9MVPH3,86.95805238905241,12,1093,1,7,5,108.356840207521,-21.398787818468577,31.5296338789846,1.8633980444948248,-8.848679187662263,-1.0902196833647737,172,4,10.145106112056116
256,256,256,256,256,256,256,256,256,256,288,highhigh,BNBUSDT,WQVVCHVE,67.59929958716914,11,990,0,7,4,85.49750283075443,-17.89820324358529,33.88448528172693,1.8633980444948248,-8.848679187662263,-1.822238117134116,177,1,10.754434025231454
257,257,257,257,257,257,257,257,257,257,289,highhigh,BNBUSDT,IN7MYOIW,100.91244629197638,17,1138,4,11,6,144.73542709291883,-43.82298080094244,46.75198406076829,0.7337882419456208,-11.134807498035691,-2.008398758444393,169,2,10.88271479619353
258,258,258,258,258,258,258,258,258,258,290,highhigh,BNBUSDT,SZEYA5OO,94.63413830170528,12,721,3,7,5,122.4056041823296,-27.77146588062434,46.75198406076829,4.448907552796545,-12.741790916925536,-0.5916262932680649,155,1,11.040649468532283
259,259,259,259,259,259,259,259,259,259,291,highhigh,BNBUSDT,2JC6N4S1,108.98031112254516,17,798,3,10,7,144.59843251162758,-35.61812138908237,64.70188361608656,0.6159135825865363,-9.289422581540045,-0.2724842044312588,153,1,9.158009338029006
260,260,260,260,260,260,260,260,260,260,292,highhigh,BNBUSDT,A5EXL9WI,123.57120631864116,13,772,2,7,6,154.33514610300753,-30.76393978436635,46.75198406076829,3.4147995192159644,-13.871351995235235,-0.9737177087233004,156,3,11.08972364398062
261,261,261,261,261,261,261,261,261,261,293,highhigh,BNBUSDT,QQW7OE7U,117.79082268315727,20,1144,4,13,7,162.71754661297155,-44.92672392981425,46.75198406076829,0.7337882419456208,-11.134807498035691,-2.008398758444393,169,1,10.93771924915032
262,262,262,262,262,262,262,262,262,262,294,highhigh,BNBUSDT,ANUSRO24,112.75647196189924,18,1149,4,11,7,157.82560196422097,-45.069130002321714,46.75198406076829,0.8903948923526691,-11.134807498035691,-2.008398758444393,169,2,9.84381898080073
263,263,263,263,263,263,263,263,263,263,295,highhigh,BNBUSDT,K8A6UNXT,96.80855256882585,15,942,2,9,6,135.44000156245224,-38.63144899362641,32.981289722955744,4.448907552796545,-12.741790916925536,-0.5916262932680649,174,1,9.680855256882582
264,264,264,264,264,264,264,264,264,264,296,highhigh,BNBUSDT,2BNMO65Z,78.1631824859446,12,458,3,7,5,113.15538979875748,-34.9922073128129,32.981289722955744,2.630278703487625,-10.390081381015287,-5.9831016318061225,101,1,9.119037956693536
265,265,265,265,265,265,265,265,265,265,297,highhigh,BNBUSDT,W4RK21E1,126.6324158953464,17,840,3,10,7,162.72328647961524,-36.09087058426884,60.811698706505,1.4517409210033805,-11.603767924641502,-1.376045232377923,154,1,10.6413794870039
266,266,266,266,266,266,266,266,266,266,298,highhigh,BNBUSDT,YYCVFC31,103.59546724462714,14,797,4,8,6,143.62256700035232,-40.02709975572516,60.811698706505,1.4770497940846123,-12.741790916925536,-0.2724842044312588,153,1,9.866234975678775
267,267,267,267,267,267,267,267,267,267,299,highhigh,BNBUSDT,FC2OMB9H,99.0119878010537,17,368,2,11,6,137.27316035036912,-38.26117254931542,29.3117291439283,2.630278703487625,-10.390081381015287,-5.680669483801508,99,1,10.677763390309714
268,268,268,268,268,268,268,268,268,268,300,highlow,BNBUSDT,VTCX6P2Q,213.5039675832645,97,1867,48,44,53,515.3270470616487,-301.8230794783843,14.881619411091638,0.0647177063432093,-7.674782537612968,-1.9766397124888104,98,1,1.827304916098744
269,269,269,269,269,269,269,269,269,269,301,highlow,BNBUSDT,CCIUFQQH,190.66551817974096,89,1626,44,41,48,460.163189406277,-269.497671226536,14.977845571729908,1.0908723611999436,-7.364281076238299,-1.5916499063735068,66,1,1.8298891023804729
270,270,270,270,270,270,270,270,270,270,302,highlow,BNBUSDT,XFIEWQ32,231.27892688301483,106,2017,45,49,57,548.1666794451505,-316.88775256213563,15.874215153518852,0.6776627029791965,-8.252275190858711,-1.033496405888268,70,1,1.8756483643276605
271,271,271,271,271,271,271,271,271,271,303,highlow,BNBUSDT,XN3I66V4,237.61973152099367,105,1644,39,48,57,569.7849811757994,-332.1652496548058,14.977845571729908,10.033435316155357,-11.629595406243816,-0.3680678425165672,65,2,1.905722157561854
272,272,272,272,272,272,272,272,272,272,304,highlow,BNBUSDT,D43UJC8V,141.36528560813036,64,1398,31,30,34,343.3117978646711,-201.9465122565408,14.679491386961685,1.152587884921934,-7.789264766680428,-0.3857613297789163,136,1,1.9489699302591503
273,273,273,273,273,273,273,273,273,273,305,highlow,BNBUSDT,WM9IS6C4,213.4248069057279,93,1721,44,43,50,487.426728631236,-274.001921725508,15.368783823004623,1.0908723611999436,-7.0999288941237975,-1.4591439688715586,72,1,1.9736057412787744
274,274,274,274,274,274,274,274,274,274,306,highlow,BNBUSDT,XEXHUQ0U,175.85435028706442,76,1400,38,35,41,416.0326650831095,-240.17831479604504,14.683403209717529,3.255062268276431,-7.364281076238299,-4.317086717002689,64,1,1.9752574647134968
275,275,275,275,275,275,275,275,275,275,307,highlow,BNBUSDT,SMUMJMS1,170.98085682702325,75,1487,37,35,40,406.1962760266164,-235.2154191995933,14.683403209717529,0.3703000379794782,-7.484008210528777,-4.317086717002689,71,1,1.994776662981938
276,276,276,276,276,276,276,276,276,276,308,highlow,BNBUSDT,543XZ56R,257.2824845100681,108,2009,48,50,58,571.4624800020962,-314.1799954920281,14.917418472649814,0.5881600818310144,-8.36648874920895,-0.3465379157642739,64,1,2.053659678400927
277,277,277,277,277,277,277,277,277,277,309,highlow,BNBUSDT,NPOBBH4Q,195.12881204685144,83,1866,39,39,44,440.16044164658393,-245.03162959973244,14.701575598644396,0.2974572205341458,-7.789264766680428,-2.0099582674212426,85,1,2.0837961856043834
278,278,278,278,278,278,278,278,278,278,310,highlow,BNBUSDT,TATX4BQ8,218.15941610237297,92,1633,41,43,49,489.6576732974955,-271.4982571951226,14.726399333188436,0.8493720276287016,-7.64591191883725,-0.3857613297789163,142,2,2.0809349805683315
279,279,279,279,279,279,279,279,279,279,311,highlow,BNBUSDT,PXTWDC61,222.372281303822,91,1633,41,43,48,489.6576732974955,-267.2853919936736,14.726399333188436,0.8493720276287016,-7.64591191883725,-0.3857613297789163,142,2,2.189104417597149
280,280,280,280,280,280,280,280,280,280,312,highlow,BNBUSDT,RKGBGRT7,143.26179506432908,59,1296,25,27,32,319.9097574125848,-176.64796234825576,14.863520097945091,10.042189524293446,-8.01271774408611,-0.8476941324216865,157,1,2.0487650777208075
281,281,281,281,281,281,281,281,281,281,313,highlow,BNBUSDT,W5I19S9S,155.2267978917173,63,1491,29,29,34,345.7382978812975,-190.51149998958027,14.829100510408932,10.042189524293446,-7.789264766680428,-0.3857613297789163,159,1,2.101576628786088
282,282,282,282,282,282,282,282,282,282,314,highlow,BNBUSDT,66CEC6G3,229.1819447151456,95,1734,44,44,51,509.7853915635084,-280.6034468483629,14.679675605854134,4.289381119878305,-7.484008210528777,-1.1678693505507198,71,1,2.081322098548277
283,283,283,283,283,283,283,283,283,283,315,highlow,BNBUSDT,PYER9DRL,220.31864018492425,92,1659,43,43,49,493.2427751650719,-272.9241349801476,14.977845571729908,4.289381119878305,-7.0999288941237975,-1.79623441136349,72,1,2.1015309511871654
284,284,284,284,284,284,284,284,284,284,316,highlow,BNBUSDT,267LSN5P,152.198324110777,61,1292,25,28,33,330.3826225035512,-178.18429839277422,14.863520097945091,10.042189524293446,-8.01271774408611,-0.8476941324216865,157,1,2.117015933980008
285,285,285,285,285,285,285,285,285,285,317,highlow,BNBUSDT,68FY19NG,196.6671142215469,84,1427,37,40,44,446.8825214989708,-250.215407277424,14.679491386961685,0.6811731315042525,-7.91666362729728,-1.875161581585796,141,1,2.1284319720946634
286,286,286,286,286,286,286,286,286,286,318,highlow,BNBUSDT,XHP1PQX7,196.87047796361605,83,1427,37,39,44,445.722628860934,-248.85215089731807,14.679491386961685,0.6811731315042525,-7.91666362729728,-1.875161581585796,141,1,2.10239557518648
287,287,287,287,287,287,287,287,287,287,319,highlow,BNBUSDT,5WADWOVQ,162.01212352146936,64,1448,28,29,35,347.6523264365281,-185.6402029150588,14.829100510408932,10.042189524293446,-7.789264766680428,-0.3857613297789163,159,1,2.0974783848761662
